<?xml version="1.0" encoding="UTF-8"?>

<!-->Template for a weapon profile
Attributes: Name
Integers: Range
          Attacks
          To tohit
          To towound
          Rend
          Damage
<weapon name = "">
    <range></range>
    <attacks></attacks>
    <tohit></tohit>
    <towound></towound>
    <rend></rend>
    <damage>/<damage>
</weapon><-->

<seraphon>
    <weapon name = "Celestite Club">
      <range>1</range>
      <attacks>1</attacks>
      <tohit>4</tohit>
      <towound>3</towound>
      <rend>0</rend>
      <damage>1</damage>
    </weapon>
    
    <weapon name = "Celestite Spear">
      <range>2</range>
      <attacks>1</attacks>
      <tohit>4</tohit>
      <towound>4</towound>
      <rend>0</rend>
      <damage>1</damage>
    </weapon>

    <weapon name = "Celestite Polearm">
      <range>1</range>
      <attacks>2</attacks>
      <tohit>3</tohit>
      <towound>3</towound>
      <rend>-1</rend>
      <damage>1</damage>
    </weapon>

    <weapon name = "Powerful Jaws and Stardrake Shield">
      <range>1</range>
      <attacks>1</attacks>
      <tohit>5</tohit>
      <towound>4</towound>
      <rend>0</rend>
      <damage>1</damage>
    </weapon>
    
    <weapon name = "Boltspitter">
      <range>16</range>
      <attacks>1</attacks>
      <tohit>4</tohit>
      <towound>4</towound>
      <rend>0</rend>
      <damage>1</damage>
    </weapon>

    <weapon name = "Boltspitter (M)">
      <range>1</range>
      <attacks>1</attacks>
      <tohit>5</tohit>
      <towound>6</towound>
      <rend>0</rend>
      <damage>1</damage>
    </weapon>

    <weapon name = "Meteoric Javelin">
      <range>8</range>
      <attacks>1</attacks>
      <tohit>5</tohit>
      <towound>4</towound>
      <rend>0</rend>
      <damage>1</damage>
    </weapon>

    <weapon name = "Meteoric Javelin (M)">
      <range>1</range>
      <attacks>1</attacks>
      <tohit>6</tohit>
      <towound>5</towound>
      <rend>0</rend>
      <damage>1</damage>
    </weapon>

    <weapon name = "Moonstone Club">
      <range>1</range>
      <attacks>1</attacks>
      <tohit>6</tohit>
      <towound>5</towound>
      <rend>0</rend>
      <damage>1</damage>
    </weapon>

    <weapon name = "Drakebite Maul">
      <range>2</range>
      <attacks>4</attacks>
      <tohit>4</tohit>
      <towound>3</towound>
      <rend>0</rend>
      <damage>2</damage>
    </weapon>
    
    <weapon name = "Vice-Like Jaws">
      <range>1</range>
      <attacks>1</attacks>
      <tohit>4</tohit>
      <towound>3</towound>
      <rend>-1</rend>
      <damage>1</damage>
    </weapon>
</seraphon>