<?xml version="1.0" encoding="UTF-8"?>

<!-->
Template for a model profile

Attributes: Name

Integers:
Move (Inches)
Save
Bravery
Wounds
Unit Size

<model name = "">
  <stats>
    <move></move>
    <save></save>
    <bravery></bravery>
    <wounds></wounds>
  </stats>
  <size></size>
  <weapons></weapons>
  <upgrades></upgrades>
  <abilities></abilities>
</model>
<-->

<stormcasteternals>
    <model name = "Liberators">
        <stats>
            <move>5</move>
            <save>4</save>
            <bravery>6</bravery>
            <wounds>2</wounds>
        </stats>
        <size>5</size>
        <cost>100</cost>
      <weapons>
        <weapon type ="melee">Warhammer</weapon>
      </weapons>
        <upgrades></upgrades>
        <abilities></abilities>
    </model>

    <model name = "Protectors">
        <stats>
            <move>4</move>
            <save>4</save>
            <bravery>7</bravery>
            <wounds>3</wounds>
        </stats>
        <size>5</size>
        <cost>200</cost>
      <weapons>
        <weapon type ="melee">Stormstrike Glaive</weapon>
      </weapons>
        <upgrades></upgrades>
        <abilities></abilities>
    </model>
</stormcasteternals>